username,date,time,from,to,day,month,year
nightfury,02/12/2025,10:44 AM,Toronto,Port Of Spain,14,December,2025
d,01/12/2025,11:53 下午,Toronto,Vancouver,12,December,2025
d,02/12/2025,12:06 上午,Toronto,Vancouver,12,December,2025
d,02/12/2025,01:21 上午,Toronto,Vancouver,12,December,2025
1234,01/12/2025,03:41 PM,London,Toronto,21,January,2026
1234,01/12/2025,03:41 PM,London,Toronto,21,January,2026
1234,01/12/2025,03:42 PM,London,Toronto,21,January,2026
1234,01/12/2025,04:03 PM,Beijing,Toronto,12,January,2026
1234,01/12/2025,04:05 PM,Beijing,Toronto,27,January,2026
1234,01/12/2025,04:31 PM,Beijing,Toronto,12,January,2026
